frame,latency_ms,fps
1,3109.6,0.32
2,179.14,5.58
3,95.28,10.5
4,90.12,11.1
5,82.64,12.1
6,86.38,11.58
7,88.11,11.35
8,86.82,11.52
9,93.45,10.7
10,87.11,11.48
11,81.88,12.21
12,93.15,10.74
13,92.02,10.87
14,94.54,10.58
15,85.19,11.74
16,91.61,10.92
17,107.93,9.27
18,87.37,11.45
19,79.56,12.57
20,73.63,13.58
21,90.66,11.03
22,86.74,11.53
23,85.78,11.66
24,100.36,9.96
25,105.79,9.45
26,93.64,10.68
27,93.14,10.74
28,96.08,10.41
29,96.98,10.31
30,95.02,10.52
31,95.32,10.49
32,99.19,10.08
33,100.33,9.97
34,100.77,9.92
35,95.38,10.48
36,105.7,9.46
37,111.57,8.96
38,109.64,9.12
39,111.62,8.96
40,109.8,9.11
41,111.27,8.99
42,99.13,10.09
43,115.52,8.66
44,113.78,8.79
45,114.29,8.75
46,112.24,8.91
47,110.41,9.06
48,120.5,8.3
49,129.7,7.71
50,125.22,7.99
51,113.13,8.84
52,98.77,10.12
53,114.81,8.71
54,106.21,9.42
55,106.98,9.35
56,111.14,9.0
57,104.04,9.61
58,105.0,9.52
59,111.11,9.0
60,114.35,8.75
61,124.44,8.04
62,115.16,8.68
63,110.99,9.01
64,118.28,8.45
65,112.33,8.9
66,114.76,8.71
67,110.43,9.06
68,119.44,8.37
69,119.87,8.34
70,111.72,8.95
71,118.93,8.41
72,122.99,8.13
73,122.36,8.17
74,121.67,8.22
75,121.4,8.24
76,124.85,8.01
77,122.11,8.19
78,127.36,7.85
79,134.97,7.41
80,118.77,8.42
81,113.95,8.78
82,114.97,8.7
83,115.07,8.69
84,119.03,8.4
85,120.85,8.27
86,126.54,7.9
87,110.5,9.05
88,111.16,9.0
89,105.97,9.44
90,114.33,8.75
91,112.47,8.89
92,129.47,7.72
93,115.1,8.69
94,110.82,9.02
95,103.91,9.62
96,106.03,9.43
97,129.97,7.69
98,121.9,8.2
99,106.09,9.43
100,107.55,9.3
101,103.83,9.63
102,104.27,9.59
103,104.14,9.6
104,106.54,9.39
105,104.94,9.53
106,103.9,9.62
107,104.3,9.59
108,100.02,10.0
109,108.54,9.21
110,104.53,9.57
111,107.19,9.33
112,105.39,9.49
113,119.53,8.37
114,109.87,9.1
115,100.39,9.96
116,96.5,10.36
117,98.08,10.2
118,109.79,9.11
119,102.69,9.74
120,106.32,9.41
121,120.69,8.29
122,112.09,8.92
123,106.22,9.41
124,96.81,10.33
125,100.26,9.97
126,94.07,10.63
127,106.9,9.35
128,99.74,10.03
129,108.02,9.26
130,107.89,9.27
131,110.74,9.03
132,110.08,9.08
133,107.79,9.28
134,113.14,8.84
135,109.56,9.13
136,125.79,7.95
137,118.97,8.41
138,111.67,8.95
139,104.1,9.61
140,106.2,9.42
141,109.55,9.13
142,104.78,9.54
143,106.93,9.35
144,105.78,9.45
145,105.94,9.44
146,102.62,9.74
147,106.99,9.35
148,103.14,9.7
149,105.82,9.45
150,104.59,9.56
151,120.8,8.28
152,111.18,8.99
153,105.62,9.47
154,100.0,10.0
155,103.57,9.66
156,105.39,9.49
157,107.66,9.29
158,119.93,8.34
159,118.16,8.46
160,102.03,9.8
161,99.51,10.05
162,95.33,10.49
163,100.58,9.94
164,103.72,9.64
165,105.44,9.48
166,101.01,9.9
167,103.11,9.7
168,101.41,9.86
169,105.94,9.44
170,104.37,9.58
171,102.29,9.78
172,104.54,9.57
173,99.93,10.01
174,116.54,8.58
175,110.03,9.09
176,102.44,9.76
177,101.14,9.89
178,98.02,10.2
179,100.16,9.98
180,103.41,9.67
181,103.7,9.64
182,110.22,9.07
183,100.81,9.92
184,106.22,9.41
185,105.63,9.47
186,112.14,8.92
187,100.54,9.95
188,103.55,9.66
189,101.38,9.86
190,104.28,9.59
191,102.96,9.71
192,99.82,10.02
193,103.53,9.66
194,107.91,9.27
195,98.56,10.15
196,105.48,9.48
197,104.35,9.58
198,105.78,9.45
199,109.38,9.14
200,107.48,9.3
201,110.39,9.06
202,106.44,9.39
203,109.39,9.14
204,103.69,9.64
205,117.08,8.54
206,114.83,8.71
207,105.57,9.47
208,101.83,9.82
209,99.93,10.01
210,103.89,9.63
211,107.57,9.3
212,109.12,9.16
213,105.84,9.45
214,107.49,9.3
215,106.05,9.43
216,108.84,9.19
217,108.37,9.23
218,107.7,9.28
219,127.02,7.87
220,115.14,8.69
221,112.36,8.9
222,110.0,9.09
223,106.36,9.4
224,111.21,8.99
225,107.08,9.34
226,130.37,7.67
227,118.72,8.42
228,103.06,9.7
229,98.16,10.19
230,98.65,10.14
231,97.47,10.26
232,98.01,10.2
233,119.89,8.34
234,108.08,9.25
235,100.82,9.92
236,101.29,9.87
237,98.4,10.16
238,98.2,10.18
239,100.6,9.94
240,110.13,9.08
241,122.88,8.14
242,107.58,9.3
243,100.72,9.93
244,95.25,10.5
245,102.53,9.75
246,100.91,9.91
247,100.66,9.93
248,97.88,10.22
249,99.39,10.06
250,99.87,10.01
251,106.25,9.41
252,101.34,9.87
253,106.15,9.42
254,112.98,8.85
255,110.96,9.01
256,106.0,9.43
257,126.08,7.93
258,109.63,9.12
259,97.39,10.27
260,91.94,10.88
261,86.88,11.51
262,97.64,10.24
263,107.98,9.26
264,93.6,10.68
265,115.6,8.65
266,117.34,8.52
267,103.76,9.64
268,107.4,9.31
269,108.21,9.24
270,104.05,9.61
271,116.04,8.62
272,132.44,7.55
273,105.88,9.44
274,106.22,9.41
275,103.47,9.66
276,116.82,8.56
277,110.24,9.07
278,108.35,9.23
279,104.3,9.59
280,106.38,9.4
281,106.38,9.4
282,117.63,8.5
283,111.89,8.94
284,97.97,10.21
285,104.12,9.6
286,96.71,10.34
